,bathrooms,bedrooms,hometype,latitude,longitude,price,lotAreaValue
0,7,7.0,SINGLE_FAMILY,43.685574,-79.44869,1849000,2506.2539
1,1,1.0,CONDO,43.618538,-79.4851,585000,
2,1,2.0,CONDO,43.630337,-79.47273,794500,
3,3,3.0,SINGLE_FAMILY,43.644554,-79.421234,3799000,2343.75
4,2,3.0,CONDO,43.72208,-79.543945,489999,
5,11,17.0,MULTI_FAMILY,43.671116,-79.298,9190000,9375.0
6,3,7.0,MULTI_FAMILY,43.68964,-79.4975,1300000,2430.0
7,2,2.0,CONDO,43.641354,-79.562775,920000,
8,3,3.0,CONDO,43.689766,-79.40217,2480000,
9,5,4.0,SINGLE_FAMILY,43.819138,-79.31484,1799000,3443.8866
10,2,2.0,CONDO,43.79573,-79.31573,449900,
11,2,2.0,CONDO,43.641354,-79.562775,869000,
12,1,1.0,CONDO,43.641243,-79.414406,625000,
13,2,3.0,SINGLE_FAMILY,43.80548,-79.35377,1258800,3621.792
14,3,2.0,CONDO,43.630337,-79.47273,1998000,
15,2,2.0,CONDO,43.785908,-79.289856,659900,
16,2,2.0,CONDO,43.733253,-79.446014,619000,
17,1,2.0,CONDO,43.78688,-79.41689,628800,
18,2,3.0,CONDO,43.740665,-79.23514,479800,
19,1,1.0,CONDO,43.64608,-79.391235,886500,
20,1,2.0,CONDO,43.661762,-79.38363,829000,
21,1,2.0,CONDO,43.760143,-79.408875,759900,
22,1,2.0,CONDO,43.7525,-79.33254,600000,
23,2,2.0,CONDO,43.772797,-79.34539,699000,
24,1,2.0,CONDO,43.655772999999996,-79.37599,899000,
25,2,4.0,TOWNHOUSE,43.72894,-79.345505,995000,
26,1,2.0,CONDO,43.65698,-79.355415,599000,
27,1,2.0,CONDO,43.725807,-79.480606,449000,
28,1,2.0,CONDO,43.64684,-79.39027,749900,
29,1,2.0,CONDO,43.733913,-79.44845,589000,
30,4,4.0,SINGLE_FAMILY,43.830193,-79.27705,999000,3600.948
31,3,4.0,SINGLE_FAMILY,43.82384,-79.26657,998800,2734.6
32,3,3.0,CONDO,43.685173,-79.51599,879000,
33,2,6.0,SINGLE_FAMILY,43.69906,-79.44359,1249000,2750.0
34,2,4.0,SINGLE_FAMILY,43.669987,-79.58003,1048800,6750.0
35,1,2.0,CONDO,43.785404,-79.41623,898888,
36,7,8.0,SINGLE_FAMILY,43.75427,-79.45246,2999900,10221.1105
37,1,1.0,CONDO,43.670265,-79.394356,575000,
38,1,2.0,CONDO,43.731857,-79.57696,469000,
39,1,1.0,CONDO,43.767647,-79.382126,529000,
40,1,1.0,CONDO,43.736553,-79.483246,539000,
41,2,2.0,CONDO,43.748337,-79.56748,519900,
42,3,3.0,TOWNHOUSE,43.736107,-79.47886,849999,
43,2,2.0,CONDO,43.635864,-79.46739,759000,
44,2,4.0,TOWNHOUSE,43.725285,-79.47877,699900,
45,1,1.0,CONDO,43.768177,-79.41177,599000,
46,2,2.0,CONDO,43.64671,-79.40176,998800,
47,2,2.0,CONDO,43.655704,-79.376495,919999,
48,3,3.0,CONDO,43.644737,-79.37184,1900000,
49,1,1.0,CONDO,43.769478,-79.283455,395900,
50,2,2.0,CONDO,43.635864,-79.46739,1150000,
51,1,2.0,CONDO,43.639343,-79.39297,744000,
52,1,2.0,CONDO,43.675602,-79.39788,818990,
53,1,2.0,CONDO,43.6439,-79.39948,749000,
54,2,2.0,CONDO,43.790024,-79.25466,599000,
55,1,1.0,CONDO,43.780315,-79.341995,559000,
56,1,2.0,CONDO,43.664803,-79.38696,719990,
57,2,3.0,CONDO,43.806667,-79.33489,899000,
58,2,4.0,SINGLE_FAMILY,43.668064,-79.56183,1299000,
59,2,6.0,SINGLE_FAMILY,43.72208,-79.57129,999000,
60,4,3.0,SINGLE_FAMILY,43.70748,-79.461754,1288800,
61,2,5.0,SINGLE_FAMILY,43.761753,-79.52316,959000,
62,2,4.0,SINGLE_FAMILY,43.75972,-79.50086,1249000,
63,2,6.0,SINGLE_FAMILY,43.708633,-79.29939,699999,
64,5,6.0,SINGLE_FAMILY,43.824265,-79.227905,1399999,
65,3,3.0,SINGLE_FAMILY,43.771606,-79.30251,959000,
66,4,4.0,SINGLE_FAMILY,43.787758,-79.34526,1475000,
67,2,3.0,SINGLE_FAMILY,43.685905,-79.2858,949900,
68,3,4.0,SINGLE_FAMILY,43.794254,-79.14535,999000,
69,2,3.0,SINGLE_FAMILY,43.687584,-79.438065,1088000,
70,2,6.0,SINGLE_FAMILY,43.70866,-79.29937,699999,
71,4,5.0,SINGLE_FAMILY,43.78164,-79.406,1588000,
72,4,5.0,SINGLE_FAMILY,43.76504,-79.45697,1349000,
73,3,3.0,SINGLE_FAMILY,43.7972,-79.39912,1987000,
74,4,5.0,SINGLE_FAMILY,43.79244,-79.142525,1099000,
75,2,4.0,SINGLE_FAMILY,43.692654,-79.33829,1340000,
76,2,3.0,CONDO,43.822945,-79.27499,697900,
77,2,2.0,CONDO,43.645523,-79.39057,775000,
78,2,2.0,CONDO,43.7563,-79.40839,727000,
79,2,4.0,SINGLE_FAMILY,43.741825,-79.23443,949898,4532.064
80,2,3.0,CONDO,43.775063,-79.34579,893000,
81,2,2.0,CONDO,43.64242,-79.37558,799000,
82,2,3.0,CONDO,43.719173,-79.326385,669900,
83,7,8.0,SINGLE_FAMILY,43.73556,-79.2767,1999000,7532.9998
84,1,1.0,CONDO,43.640427,-79.42465,488800,
85,2,3.0,CONDO,43.673553,-79.46187,815000,
86,1,1.0,CONDO,43.75108,-79.46573,529000,
87,2,2.0,CONDO,43.63486,-79.5395,579000,
88,2,2.0,CONDO,43.735962,-79.48376,599999,
89,1,2.0,CONDO,43.660072,-79.51641,719000,
90,2,4.0,CONDO,43.656265,-79.570786,699000,
91,1,1.0,CONDO,43.732384,-79.44663,439000,
92,1,2.0,CONDO,43.788853,-79.41838,619000,
93,1,1.0,CONDO,43.669605,-79.3917,880000,
94,2,1.0,CONDO,43.770374,-79.26186,598900,
95,1,1.0,CONDO,43.638832,-79.398834,615000,
96,3,3.0,TOWNHOUSE,43.652016,-79.45152,1399900,
97,1,2.0,CONDO,43.67265,-79.38873,670000,
98,2,3.0,CONDO,43.637897,-79.4154,870000,
99,2,2.0,TOWNHOUSE,43.666862,-79.38657,1200000,
100,1,1.0,CONDO,43.64653,-79.423256,674900,
101,1,2.0,CONDO,43.647526,-79.39966,768900,
102,3,2.0,CONDO,43.696514,-79.395454,925118,
103,2,2.0,CONDO,43.779655,-79.28293,658000,
104,2,3.0,CONDO,43.630337,-79.47273,1290000,
105,2,2.0,CONDO,43.64202,-79.37335,938000,
106,3,3.0,TOWNHOUSE,43.64818,-79.41984,899000,
107,1,1.0,CONDO,43.635864,-79.46739,575000,
108,1,2.0,CONDO,43.66138,-79.35923,599900,
109,2,2.0,CONDO,43.64174,-79.42332,599999,
110,2,3.0,SINGLE_FAMILY,43.673717,-79.32208,935000,
111,5,8.0,SINGLE_FAMILY,43.81336,-79.20003,1499000,
112,4,3.0,SINGLE_FAMILY,43.643085,-79.41495,1550000,
113,2,4.0,SINGLE_FAMILY,43.72227,-79.4039,2449000,
114,3,4.0,SINGLE_FAMILY,43.66915,-79.41617,1198000,
115,1,3.0,SINGLE_FAMILY,43.741184,-79.40251,3995000,
116,2,4.0,SINGLE_FAMILY,43.62921,-79.49239,1499900,
117,3,4.0,TOWNHOUSE,43.73598,-79.47654,929888,
118,2,3.0,SINGLE_FAMILY,43.782696,-79.33341,1288000,
119,1,1.0,CONDO,43.723602,-79.44601,459900,
120,1,2.0,CONDO,43.757656,-79.40901,599999,
121,1,1.0,CONDO,43.706955,-79.39502,648000,
122,2,2.0,CONDO,43.654835,-79.3752,830000,
123,1,2.0,CONDO,43.636158,-79.47062,649000,
124,2,2.0,CONDO,43.77858,-79.28117,628000,
125,2,4.0,SINGLE_FAMILY,43.685810000000004,-79.43385,1349000,1850.0
126,2,2.0,CONDO,43.64818,-79.487434,789000,
127,1,2.0,CONDO,43.717293,-79.44185,619900,
128,2,3.0,CONDO,43.633453,-79.541626,869000,
129,2,2.0,CONDO,43.78053,-79.341385,579000,
130,4,4.0,SINGLE_FAMILY,43.82231,-79.265465,1399000,5570.072
131,2,3.0,CONDO,43.799667,-79.31624,664900,
132,3,3.0,CONDO,43.674007,-79.41243,1800000,
133,4,5.0,SINGLE_FAMILY,43.694363,-79.27001,1949900,3900.0
134,1,1.0,CONDO,43.715252,-79.45464,549900,
135,1,1.0,CONDO,43.663635,-79.46686,549900,
136,2,4.0,CONDO,43.727715,-79.48259,620000,
137,2,2.0,CONDO,43.65801,-79.50318,788000,
138,2,3.0,CONDO,43.721195,-79.54413,479900,
139,1,1.0,CONDO,43.736553,-79.483246,499999,
140,1,1.0,CONDO,43.64818,-79.487434,699000,
141,2,2.0,CONDO,43.639263,-79.55962,689000,
142,1,2.0,CONDO,43.673553,-79.46187,559900,
143,1,1.0,CONDO,43.623516,-79.47929,645000,
144,3,2.0,TOWNHOUSE,43.59479,-79.53446,895000,
145,1,2.0,CONDO,43.645073,-79.39087,579900,
146,4,4.0,TOWNHOUSE,43.785473,-79.20589,699999,
147,2,2.0,CONDO,43.764503,-79.288475,599900,
148,1,1.0,CONDO,43.65398,-79.38852,649800,
149,1,2.0,CONDO,43.712036,-79.376755,575000,
150,2,3.0,CONDO,43.718346,-79.375206,1450000,
151,1,1.0,CONDO,43.6595,-79.38478,749000,
152,3,3.0,TOWNHOUSE,43.76485,-79.39425,1328000,
153,1,1.0,CONDO,43.651527,-79.375755,579000,
154,1,1.0,CONDO,43.652763,-79.36657,619000,
155,3,2.0,CONDO,43.696514,-79.395454,799000,
156,3,3.0,CONDO,43.71259,-79.37768,999999,
157,1,1.0,CONDO,43.65222,-79.37087,610000,
158,2,3.0,CONDO,43.65191,-79.37709,999999,
159,2,2.0,CONDO,43.704517,-79.251755,599900,
160,1,1.0,CONDO,43.657516,-79.37677,489000,
161,2,3.0,CONDO,43.641933,-79.381546,929900,
162,2,2.0,CONDO,43.7815,-79.413055,718000,
163,1,1.0,CONDO,43.650116,-79.35793,599000,
164,1,0.0,CONDO,43.668797,-79.38397,499000,
165,0,,CONDO,43.64896,-79.39258,90000,
166,1,1.0,CONDO,43.63837,-79.3987,618000,
167,1,2.0,CONDO,43.654842,-79.38468,745000,
168,2,2.0,CONDO,43.66285,-79.37627,1189000,
169,2,2.0,CONDO,43.654835,-79.3752,699000,
170,2,3.0,CONDO,43.75025,-79.40723,1049000,
171,2,2.0,CONDO,43.810165,-79.22112,539900,
172,3,5.0,SINGLE_FAMILY,43.794403,-79.37282,799000,
173,4,6.0,SINGLE_FAMILY,43.798244,-79.3004,1288000,
174,6,5.0,SINGLE_FAMILY,43.65046,-79.50192,4250000,
175,2,3.0,SINGLE_FAMILY,43.775063,-79.4033,1799900,
176,3,4.0,SINGLE_FAMILY,43.749233,-79.19261,1079000,
177,2,4.0,SINGLE_FAMILY,43.736492,-79.20817,1199000,
178,4,5.0,SINGLE_FAMILY,43.702545,-79.39139,3988800,
179,2,3.0,SINGLE_FAMILY,43.66868,-79.548874,1799000,
180,3,4.0,TOWNHOUSE,43.664806,-79.371254,1697800,
181,4,5.0,SINGLE_FAMILY,43.73978,-79.38892,5995000,
182,5,4.0,SINGLE_FAMILY,43.69722,-79.3166,2148000,
183,8,6.0,SINGLE_FAMILY,43.61597,-79.50393,3479000,
184,3,7.0,SINGLE_FAMILY,43.726820000000004,-79.23483,1199900,
185,5,7.0,SINGLE_FAMILY,43.736042,-79.22376,2699990,
186,2,2.0,CONDO,43.781647,-79.24493,499000,
187,2,2.0,CONDO,43.679985,-79.2904,799000,
188,1,2.0,CONDO,43.66295,-79.38631,718000,
189,1,1.0,CONDO,43.638798,-79.415504,599000,
190,1,2.0,CONDO,43.650475,-79.368515,729000,
191,1,3.0,CONDO,43.648884,-79.36522,684900,
192,9,9.0,MULTI_FAMILY,43.67192,-79.404366,2795000,3402.0
193,1,2.0,CONDO,43.6427,-79.393364,726000,
194,4,9.0,SINGLE_FAMILY,43.668472,-79.40424,2695000,3987.1
195,2,2.0,CONDO,43.776382,-79.415764,1149000,
196,3,3.0,TOWNHOUSE,43.650455,-79.56664,849000,
197,3,3.0,SINGLE_FAMILY,43.714893000000004,-79.39229,2666000,2172.17
198,4,6.0,SINGLE_FAMILY,43.78778,-79.454834,1895000,6776.0
199,2,2.0,CONDO,43.80687,-79.265305,599000,
200,1,1.0,CONDO,43.623604,-79.48415,559999,
201,2,3.0,CONDO,43.764465,-79.40913,1598000,
202,2,2.0,CONDO,43.777256,-79.28412,660000,
203,2,3.0,CONDO,43.609207,-79.558334,749900,
204,4,3.0,TOWNHOUSE,43.6595,-79.38478,3299000,
205,3,3.0,SINGLE_FAMILY,43.67612,-79.32306,1628000,1900.05
206,4,5.0,SINGLE_FAMILY,43.73321,-79.42474,2790000,3836.3541
207,1,2.0,CONDO,43.640682,-79.377,849000,
208,2,2.0,CONDO,43.767216,-79.38171,648800,
209,2,2.0,CONDO,43.67174,-79.3878,869900,
210,2,6.0,SINGLE_FAMILY,43.671318,-79.33633,1099900,1037.5
211,1,1.0,CONDO,43.72315,-79.44823,525000,
212,2,2.0,CONDO,43.687042,-79.27247,744999,
213,1,2.0,CONDO,43.623886,-79.479225,659990,
214,4,3.0,SINGLE_FAMILY,43.81777,-79.2142,999900,
215,5,6.0,SINGLE_FAMILY,43.62801,-79.50854,2449000,
216,5,6.0,SINGLE_FAMILY,43.688602,-79.26828,2089000,
217,2,3.0,TOWNHOUSE,43.64105,-79.57982,899900,
218,2,2.0,CONDO,43.781147,-79.2455,648000,
219,1,1.0,CONDO,43.76482,-79.410446,598000,
220,1,1.0,CONDO,43.637184,-79.39616,668000,
221,2,2.0,CONDO,43.758633,-79.587585,591000,
222,1,1.0,CONDO,43.668797,-79.38397,599900,
223,2,2.0,CONDO,43.7734,-79.25586,699000,
224,2,2.0,CONDO,43.641354,-79.562775,829000,
225,1,1.0,CONDO,43.785404,-79.41623,650000,
226,3,4.0,SINGLE_FAMILY,43.650475,-79.410805,1638000,929.4
227,5,5.0,SINGLE_FAMILY,43.691486,-79.436134,2262150,3643.75
228,1,2.0,CONDO,43.62495,-79.47824,654900,
229,1,1.0,CONDO,43.644672,-79.5294,549000,
230,1,2.0,CONDO,43.695786,-79.553154,429900,
231,1,1.0,CONDO,43.752064,-79.464264,519000,
232,1,1.0,CONDO,43.626324,-79.477234,610000,
233,2,2.0,CONDO,43.646324,-79.52136,928000,
234,2,3.0,CONDO,43.660976,-79.51245,979900,
235,1,2.0,CONDO,43.670486,-79.384575,624900,
236,2,2.0,CONDO,43.696835,-79.39399,959900,
237,3,3.0,CONDO,43.73306,-79.34621,1199999,
238,1,2.0,CONDO,43.790318,-79.35738,649000,
239,2,2.0,CONDO,43.671093,-79.38777,1200000,
240,2,3.0,CONDO,43.64971,-79.3613,1025000,
241,2,2.0,CONDO,43.730564,-79.4321,419900,
242,2,2.0,CONDO,43.77626,-79.366165,750000,
243,2,2.0,CONDO,43.63848,-79.42747,799000,
244,2,2.0,CONDO,43.64768,-79.39692,820000,
245,2,2.0,CONDO,43.77366,-79.249855,499900,
246,2,3.0,CONDO,43.708767,-79.3938,1098000,
247,3,2.0,CONDO,43.671818,-79.372406,1455000,
248,2,1.0,CONDO,43.78053,-79.341385,638000,
249,2,2.0,CONDO,43.72016,-79.33666,649000,
250,1,1.0,CONDO,43.67654,-79.40561,655000,
251,1,2.0,CONDO,43.645958,-79.38987,616000,
252,1,1.0,CONDO,43.638138,-79.420845,639900,
253,3,2.0,TOWNHOUSE,43.765724,-79.38346,1295000,
254,1,2.0,CONDO,43.72208,-79.543945,439900,
255,3,2.0,CONDO,43.649273,-79.37469,2149000,
256,2,2.0,CONDO,43.60133,-79.54553,629900,
257,2,2.0,CONDO,43.687916,-79.39619,888000,
258,2,2.0,CONDO,43.647194,-79.397865,1450000,
259,1,2.0,CONDO,43.641933,-79.381546,749000,
260,0,,MULTI_FAMILY,43.67858,-79.30083,7000000,
261,3,4.0,SINGLE_FAMILY,43.790066,-79.34076,1099000,
262,10,2.0,SINGLE_FAMILY,43.66711,-79.38487,8495000,
263,5,5.0,SINGLE_FAMILY,43.727406,-79.4128,3850000,
264,3,4.0,SINGLE_FAMILY,43.75685,-79.594345,1149000,
265,3,5.0,SINGLE_FAMILY,43.74417,-79.22623,949000,
266,4,6.0,SINGLE_FAMILY,43.798615,-79.29027,899000,
267,2,3.0,SINGLE_FAMILY,43.73639,-79.510216,975000,
268,2,3.0,SINGLE_FAMILY,43.70852,-79.385666,1735000,
269,9,6.0,SINGLE_FAMILY,43.73962,-79.369,7995000,
270,4,4.0,SINGLE_FAMILY,43.747017,-79.211266,998000,
271,2,4.0,SINGLE_FAMILY,43.689594,-79.27141,849000,
272,2,3.0,SINGLE_FAMILY,43.650654,-79.53805,1599900,
273,3,5.0,SINGLE_FAMILY,43.68958,-79.43475,1150000,
274,2,3.0,SINGLE_FAMILY,43.720566,-79.52908,1295000,
275,3,5.0,SINGLE_FAMILY,43.774937,-79.38526,2688888,
276,4,8.0,MULTI_FAMILY,43.67858,-79.30083,3500000,
277,4,8.0,MULTI_FAMILY,43.678528,-79.30098,3500000,
278,6,6.0,SINGLE_FAMILY,43.678276,-79.38134,9995000,
279,3,2.0,SINGLE_FAMILY,43.678276,-79.38134,2500000,
280,3,6.0,SINGLE_FAMILY,43.757187,-79.17449,1099000,7241.5
281,2,2.0,CONDO,43.62474,-79.478966,725000,
282,2,1.0,CONDO,43.68665,-79.39951,899000,
283,2,4.0,CONDO,43.729725,-79.441956,599900,
284,1,2.0,CONDO,43.64265,-79.37733,669000,
285,6,5.0,SINGLE_FAMILY,43.6465,-79.50899,2600000,4000.0
286,1,1.0,CONDO,43.652508,-79.38858,639000,
287,2,2.0,CONDO,43.645523,-79.39057,675000,
288,2,2.0,CONDO,43.62386,-79.488945,749000,
289,3,3.0,CONDO,43.640064,-79.378494,2750000,
290,1,2.0,CONDO,43.622257,-79.48256,548000,
291,1,2.0,CONDO,43.669888,-79.39098,1398000,
292,1,2.0,CONDO,43.666687,-79.37489,574900,
293,2,2.0,CONDO,43.62474,-79.478966,678800,
294,2,4.0,CONDO,43.655693,-79.57109,699500,
295,1,1.0,CONDO,43.66503,-79.447586,499999,
296,1,1.0,CONDO,43.72241,-79.43166,510000,
297,1,2.0,CONDO,43.664238,-79.37554,619000,
298,1,2.0,TOWNHOUSE,43.639755,-79.41307,699000,
299,2,2.0,CONDO,43.680843,-79.28265,835000,
300,1,2.0,CONDO,43.649345,-79.3758,689800,
301,1,2.0,CONDO,43.657475,-79.44567,675000,
302,2,3.0,CONDO,43.656265,-79.570786,685000,
303,2,2.0,CONDO,43.722935,-79.41387,1144800,
304,1,2.0,CONDO,43.733913,-79.44845,609000,
305,1,1.0,CONDO,43.63531,-79.402084,710000,
306,1,1.0,CONDO,43.658474,-79.3511,675000,
307,1,1.0,CONDO,43.653343,-79.37937,719990,
308,1,3.0,CONDO,43.737667,-79.26957,499900,
309,2,3.0,CONDO,43.684994,-79.2754,929900,
310,3,2.0,CONDO,43.724197,-79.41689,2099000,
311,1,2.0,CONDO,43.646156,-79.376274,749900,
312,1,2.0,CONDO,43.695786,-79.553154,440000,
313,1,1.0,CONDO,43.64905,-79.386154,1080000,
314,2,2.0,CONDO,43.65034,-79.44442,839000,
315,2,3.0,CONDO,43.719334,-79.33631,699000,
316,1,1.0,CONDO,43.73276,-79.34566,609000,
317,2,2.0,CONDO,43.74993,-79.205,700000,
318,1,1.0,TOWNHOUSE,43.730694,-79.46565,549000,
319,2,2.0,CONDO,43.66873,-79.38949,2349000,
320,1,2.0,CONDO,43.64172,-79.3815,649999,
321,2,2.0,CONDO,43.702187,-79.44082,684900,
322,1,2.0,CONDO,43.6693,-79.38417,779000,
323,1,2.0,TOWNHOUSE,43.763767,-79.49828,619000,
324,1,2.0,CONDO,43.64265,-79.37733,599000,
325,3,2.0,CONDO,43.64978,-79.38044,2789000,
326,2,3.0,CONDO,43.665268,-79.341034,869000,
327,4,3.0,SINGLE_FAMILY,43.659397,-79.5076,2495000,
328,2,4.0,SINGLE_FAMILY,43.64974,-79.47648,1799000,
329,3,4.0,SINGLE_FAMILY,43.657536,-79.53466,2399900,
330,3,4.0,SINGLE_FAMILY,43.598938,-79.52675,1299900,
331,4,5.0,SINGLE_FAMILY,43.72672,-79.520386,1399900,
332,2,3.0,SINGLE_FAMILY,43.660812,-79.33608,1395000,
333,2,4.0,SINGLE_FAMILY,43.746273,-79.23604,959000,
334,3,3.0,TOWNHOUSE,43.66264,-79.33202,1228000,
335,3,4.0,SINGLE_FAMILY,43.801487,-79.259865,1050000,
336,5,9.0,SINGLE_FAMILY,43.67723,-79.403305,2995000,
337,3,4.0,TOWNHOUSE,43.808556,-79.18043,999000,
338,2,4.0,SINGLE_FAMILY,43.688103,-79.55136,1049000,
339,4,5.0,SINGLE_FAMILY,43.81147,-79.28379,1179000,
340,2,7.0,SINGLE_FAMILY,43.70201,-79.2846,1489000,
341,5,8.0,SINGLE_FAMILY,43.825497,-79.29668,1369900,
342,4,4.0,SINGLE_FAMILY,43.688313,-79.37179,2528000,
343,3,4.0,SINGLE_FAMILY,43.764812,-79.36684,1199000,
344,3,6.0,SINGLE_FAMILY,43.792667,-79.41252,1888000,
345,4,6.0,SINGLE_FAMILY,43.68407,-79.28165,3279000,
346,2,5.0,SINGLE_FAMILY,43.75114,-79.23136,1299000,
347,2,3.0,SINGLE_FAMILY,43.70495,-79.38079,1739000,
348,2,4.0,TOWNHOUSE,43.65647,-79.35991,1350000,
349,2,2.0,CONDO,43.651646,-79.36944,925000,
350,3,3.0,TOWNHOUSE,43.713596,-79.38909,1888000,
351,2,4.0,SINGLE_FAMILY,43.73991,-79.54102,1149900,4062.5
352,2,3.0,CONDO,43.743717,-79.24567,635900,
353,2,3.0,SINGLE_FAMILY,43.67673,-79.46253,859000,2112.25
354,1,3.0,TOWNHOUSE,43.664448,-79.36113,1200000,1210.17
355,4,6.0,SINGLE_FAMILY,43.79156,-79.15889,1600000,0.40418250688705204
356,2,3.0,CONDO,43.65524,-79.39033,1139000,
357,3,4.0,SINGLE_FAMILY,43.769127,-79.24017,1125000,6908.97
358,4,5.0,SINGLE_FAMILY,43.73126,-79.431656,1998000,3250.0
359,2,2.0,CONDO,43.687927,-79.38919,1399000,
360,1,1.0,CONDO,43.655136,-79.40002,735000,
361,2,3.0,CONDO,43.646446,-79.52575,725000,
362,1,1.0,CONDO,43.72241,-79.43166,525000,
363,3,4.0,SINGLE_FAMILY,43.62908,-79.57277,1799000,7200.0
364,1,1.0,CONDO,43.70953,-79.398224,545000,
365,2,3.0,SINGLE_FAMILY,43.746403,-79.22459,999000,5236.0
366,1,1.0,CONDO,43.67174,-79.3878,677888,
367,2,4.0,SINGLE_FAMILY,43.75994,-79.41539,1699000,5505.5
368,2,4.0,SINGLE_FAMILY,43.668896,-79.34528,1650000,1728.0
369,1,1.0,CONDO,43.645775,-79.38968,699900,
370,2,2.0,CONDO,43.65927,-79.38492,929900,
371,4,3.0,CONDO,43.64494,-79.36367,3850000,
372,2,3.0,SINGLE_FAMILY,43.66986,-79.466194,899000,2084.4
373,4,3.0,SINGLE_FAMILY,43.665363,-79.41672,1788800,2483.2
374,9,9.0,SINGLE_FAMILY,43.798695,-79.41378,2998000,6125.0
375,3,5.0,SINGLE_FAMILY,43.735394,-79.537544,1299000,5690.1355
376,2,2.0,CONDO,43.684093,-79.51673,649000,
377,2,4.0,SINGLE_FAMILY,43.651413,-79.44835,1599000,2100.0
378,2,3.0,TOWNHOUSE,43.809937,-79.35899,599900,
379,1,1.0,CONDO,43.673553,-79.46187,532000,
380,1,0.0,CONDO,43.641426,-79.401215,450000,
381,0,,CONDO,43.647274,-79.39084,39888,
382,2,3.0,SINGLE_FAMILY,43.755356,-79.52199,1088888,3610.5069
383,2,3.0,SINGLE_FAMILY,43.736763,-79.296875,988000,
384,4,5.0,SINGLE_FAMILY,43.66181,-79.35134,1289000,
385,4,6.0,SINGLE_FAMILY,43.79159,-79.1743,1598900,
386,2,4.0,SINGLE_FAMILY,43.717995,-79.394775,3300000,
387,2,3.0,CONDO,43.68591,-79.274124,849900,
388,1,1.0,CONDO,43.65101,-79.36793,579000,
389,4,4.0,SINGLE_FAMILY,43.700405,-79.437355,2280000,5258.0
390,2,2.0,CONDO,43.641968,-79.412926,829900,
391,2,3.0,CONDO,43.706524,-79.39202,1118000,
392,1,2.0,CONDO,43.773167,-79.41544,649000,
393,2,3.0,CONDO,43.795806999999996,-79.32518,699900,
394,2,3.0,CONDO,43.643063,-79.42813,939000,
395,3,3.0,TOWNHOUSE,43.79325,-79.237206,799000,
396,1,1.0,CONDO,43.66767,-79.38642,779000,
397,2,3.0,CONDO,43.652805,-79.35539,899000,
398,1,1.0,CONDO,43.80687,-79.265305,515000,
399,4,3.0,TOWNHOUSE,43.692413,-79.50682,790000,
400,1,1.0,CONDO,43.66509,-79.459694,739000,
401,2,2.0,CONDO,43.71481,-79.47988,670000,
402,2,1.0,TOWNHOUSE,43.700756,-79.44387,529900,
403,2,3.0,CONDO,43.640057,-79.58135,639000,
404,2,2.0,CONDO,43.69245,-79.468414,630000,
405,1,2.0,CONDO,43.735962,-79.48376,590000,
406,2,2.0,CONDO,43.75108,-79.46573,619900,
407,2,2.0,CONDO,43.76141,-79.409805,948800,
408,1,2.0,CONDO,43.65278,-79.369026,1079000,
409,2,2.0,CONDO,43.69676,-79.39179,875000,
410,4,4.0,CONDO,43.67126,-79.393906,3300000,
411,2,3.0,CONDO,43.732384,-79.44663,899000,
412,4,3.0,TOWNHOUSE,43.688377,-79.38971,2149000,
413,1,1.0,CONDO,43.648014,-79.39689,649999,
414,2,2.0,CONDO,43.643288,-79.42779,749000,
415,3,2.0,TOWNHOUSE,43.71162,-79.395515,1450000,
416,1,1.0,CONDO,43.6632,-79.37777,629900,
417,1,2.0,CONDO,43.73276,-79.34566,498000,
418,2,2.0,CONDO,43.645428,-79.391075,869900,
419,2,2.0,CONDO,43.63531,-79.402084,1198000,
420,1,2.0,CONDO,43.70308,-79.252716,539900,
421,2,2.0,CONDO,43.772743,-79.45219,739000,
422,2,2.0,CONDO,43.643555,-79.37401,1598000,
423,2,3.0,CONDO,43.64738,-79.387276,1719000,
424,2,3.0,CONDO,43.64172,-79.3815,799000,
425,1,2.0,CONDO,43.779747,-79.418144,694900,
426,0,,CONDO,43.7146,-79.35439,54800,
427,2,2.0,CONDO,43.6883,-79.397095,1085000,
428,2,2.0,CONDO,43.674786,-79.38513,998000,
429,1,0.0,CONDO,43.657494,-79.374374,459000,
430,2,2.0,CONDO,43.651222,-79.36712,949900,
431,2,1.0,CONDO,43.643948,-79.401474,1049000,
432,1,1.0,CONDO,43.661007,-79.36035,649900,
433,1,1.0,CONDO,43.64505,-79.398834,599000,
434,2,2.0,CONDO,43.639698,-79.40651,809900,
435,1,2.0,CONDO,43.747856,-79.28626,550000,
436,1,1.0,CONDO,43.777615,-79.414,599000,
437,3,2.0,CONDO,43.64905,-79.386154,1849000,
438,1,2.0,CONDO,43.64292,-79.40184,899000,
439,4,8.0,MULTI_FAMILY,43.63757,-79.48588,2595000,
440,4,4.0,SINGLE_FAMILY,43.681297,-79.52684,2450000,
441,2,3.0,SINGLE_FAMILY,43.7687,-79.25147,1038800,
442,3,4.0,SINGLE_FAMILY,43.693005,-79.261986,979000,
443,2,4.0,SINGLE_FAMILY,43.75559,-79.31153,1149900,
444,7,6.0,SINGLE_FAMILY,43.759075,-79.39205,6799000,
445,3,4.0,SINGLE_FAMILY,43.80539,-79.168335,934900,
446,3,4.0,SINGLE_FAMILY,43.675976,-79.54946,1898000,
447,3,4.0,SINGLE_FAMILY,43.605984,-79.55118,1249000,
448,3,3.0,SINGLE_FAMILY,43.781143,-79.40023,2198000,
449,5,4.0,SINGLE_FAMILY,43.66978,-79.5177,4798000,
450,4,4.0,TOWNHOUSE,43.704197,-79.49978,1109900,
451,3,4.0,SINGLE_FAMILY,43.653107,-79.415146,2250000,
452,7,6.0,SINGLE_FAMILY,43.761864,-79.42034,3099888,
453,4,4.0,SINGLE_FAMILY,43.646248,-79.41659,2799999,
454,5,4.0,SINGLE_FAMILY,43.7417,-79.40071,5888000,
455,1,1.0,CONDO,43.73428,-79.53438,488888,
456,2,2.0,CONDO,43.656857,-79.38367,799900,
457,1,1.0,CONDO,43.64769,-79.39331,619900,
458,1,1.0,CONDO,43.67533,-79.397125,849900,
459,2,2.0,CONDO,43.74014,-79.34547,899000,
460,1,2.0,CONDO,43.775215,-79.413345,679000,
461,3,6.0,SINGLE_FAMILY,43.665577,-79.32544,849000,1850.0
462,2,3.0,SINGLE_FAMILY,43.7247,-79.49769,1288800,7703.0
463,1,0.0,CONDO,43.63698,-79.406075,439999,
464,2,3.0,SINGLE_FAMILY,43.745815,-79.561554,1250000,9452.61
465,1,0.0,CONDO,43.66059,-79.359344,499900,
466,3,2.0,SINGLE_FAMILY,43.69186,-79.44077,850000,1711.6
467,1,2.0,CONDO,43.76661,-79.373535,649990,
468,5,4.0,SINGLE_FAMILY,43.741356,-79.413956,2595000,5163.2508
469,2,2.0,CONDO,43.702187,-79.44082,699998,
470,1,2.0,CONDO,43.64738,-79.387276,955000,
471,3,3.0,CONDO,43.678986,-79.39806,3300000,
472,3,3.0,TOWNHOUSE,43.677265,-79.40615,1924900,
473,2,3.0,SINGLE_FAMILY,43.80805,-79.350464,965000,3600.0
474,1,2.0,CONDO,43.63423,-79.54093,579900,
475,2,2.0,CONDO,43.64943,-79.38841,849000,
476,6,5.0,SINGLE_FAMILY,43.78944,-79.408646,3288800,5117.66
477,1,2.0,CONDO,43.645107,-79.36929,829900,
478,2,2.0,CONDO,43.672985,-79.38703,799000,
479,2,4.0,SINGLE_FAMILY,43.714138,-79.49493,1599000,6364.2744
480,1,1.0,CONDO,43.71481,-79.47988,459999,
481,6,5.0,SINGLE_FAMILY,43.789326,-79.408585,2998000,5110.58
482,1,0.0,CONDO,43.66178,-79.38422,469900,
483,2,2.0,CONDO,43.69597,-79.395775,805000,
484,3,4.0,SINGLE_FAMILY,43.737877,-79.522995,1048880,
485,2,4.0,SINGLE_FAMILY,43.770267,-79.52974,799000,
486,2,3.0,SINGLE_FAMILY,43.596233,-79.50438,1149000,
487,2,3.0,SINGLE_FAMILY,43.620358,-79.497055,1200000,
488,2,3.0,SINGLE_FAMILY,43.679466,-79.4311,1889000,
489,2,4.0,SINGLE_FAMILY,43.680775,-79.32455,1099990,
490,4,5.0,SINGLE_FAMILY,43.80635,-79.33062,1338000,
491,2,3.0,SINGLE_FAMILY,43.644413,-79.48697,2699999,
492,2,3.0,SINGLE_FAMILY,43.786373,-79.40787,1799000,
493,3,5.0,SINGLE_FAMILY,43.79156,-79.372185,1499000,
494,7,5.0,SINGLE_FAMILY,43.777596,-79.39175,4998000,
495,5,5.0,SINGLE_FAMILY,43.727974,-79.41665,3088000,
496,3,3.0,SINGLE_FAMILY,43.686718,-79.43766,798000,
497,2,3.0,SINGLE_FAMILY,43.693207,-79.263245,849900,
498,5,5.0,SINGLE_FAMILY,43.707516,-79.42787,3099000,
499,2,4.0,SINGLE_FAMILY,43.691284,-79.29244,974900,
500,8,6.0,SINGLE_FAMILY,43.74462,-79.37635,12288000,
501,5,5.0,SINGLE_FAMILY,43.705814,-79.38669,2899000,
502,8,6.0,SINGLE_FAMILY,43.722034,-79.39092,10995000,
503,4,5.0,SINGLE_FAMILY,43.79179,-79.243034,888900,
504,5,5.0,SINGLE_FAMILY,43.70881,-79.4367,3374000,
505,3,4.0,SINGLE_FAMILY,43.6752,-79.3342,1390000,
506,1,2.0,CONDO,43.673553,-79.46187,670000,
507,2,2.0,CONDO,43.622257,-79.48256,749900,
508,1,1.0,CONDO,43.624577,-79.511604,495000,
509,2,2.0,CONDO,43.642693,-79.52742,899900,
510,2,3.0,TOWNHOUSE,43.693073,-79.50668,668000,
511,2,3.0,CONDO,43.673553,-79.46187,997000,
512,1,2.0,CONDO,43.673553,-79.46187,599000,
513,1,2.0,CONDO,43.75065,-79.46419,610000,
514,1,1.0,CONDO,43.601597,-79.510155,499000,
515,1,2.0,CONDO,43.77321,-79.345795,599900,
516,1,2.0,CONDO,43.655304,-79.35375,749000,
517,2,2.0,CONDO,43.732384,-79.44663,639999,
518,2,3.0,CONDO,43.63637,-79.40276,1499000,
519,1,2.0,CONDO,43.64172,-79.3815,669000,
520,2,2.0,CONDO,43.645107,-79.36929,598800,
521,2,2.0,CONDO,43.64769,-79.39331,899900,
522,2,3.0,TOWNHOUSE,43.770107,-79.34006,799900,
523,3,5.0,CONDO,43.67403,-79.39047,2298000,
524,1,2.0,CONDO,43.664238,-79.37554,649000,
525,1,2.0,APARTMENT,43.67919,-79.42541,565000,
526,1,1.0,CONDO,43.652588,-79.36769,619900,
527,1,2.0,CONDO,43.66551,-79.383026,749000,
528,1,1.0,CONDO,43.651863,-79.37601,598000,
529,2,2.0,CONDO,43.783382,-79.29487,498888,
530,2,3.0,CONDO,43.72507,-79.328705,829999,
531,1,2.0,CONDO,43.665413,-79.387115,659900,
532,2,2.0,CONDO,43.67324,-79.38986,1195000,
533,3,3.0,CONDO,43.671684,-79.389565,5999000,
534,1,2.0,CONDO,43.640495,-79.38081,725000,
535,1,2.0,CONDO,43.710766,-79.39435,679000,
536,1,2.0,CONDO,43.646927,-79.374695,814900,
537,1,2.0,CONDO,43.650448,-79.38771,699000,
538,1,2.0,CONDO,43.768616,-79.38807,679000,
539,2,3.0,TOWNHOUSE,43.7675,-79.28777,788880,
540,3,4.0,TOWNHOUSE,43.752384,-79.452415,1148800,
541,2,2.0,CONDO,43.686592,-79.40046,1719000,
542,1,2.0,CONDO,43.74287,-79.21185,599000,
543,1,2.0,CONDO,43.640995,-79.39457,588000,
544,2,3.0,CONDO,43.64172,-79.3815,768000,
545,3,3.0,CONDO,43.64905,-79.386154,2388800,
546,1,2.0,CONDO,43.621655,-79.483185,769800,
547,1,1.0,CONDO,43.71077,-79.33384,459900,
548,2,2.0,CONDO,43.656857,-79.38367,748888,
549,2,3.0,CONDO,43.65033,-79.453415,2099000,
550,1,2.0,CONDO,43.70943,-79.36473,635000,
551,1,2.0,CONDO,43.666687,-79.37489,649990,
552,1,1.0,CONDO,43.70028,-79.42781,578000,
553,2,2.0,SINGLE_FAMILY,43.688927,-79.43747,849900,1995.3192
554,4,3.0,TOWNHOUSE,43.602257,-79.544044,1099000,2610.8736
555,2,3.0,CONDO,43.78688,-79.41689,720000,
556,4,4.0,SINGLE_FAMILY,43.669407,-79.32387,1649900,2850.0
557,3,4.0,SINGLE_FAMILY,43.663,-79.326485,3697000,2842.5
558,3,3.0,SINGLE_FAMILY,43.757183,-79.413956,2050000,6501.3985
559,1,1.0,CONDO,43.690178,-79.402245,999000,
560,2,2.0,CONDO,43.62394,-79.48845,817500,
561,1,2.0,TOWNHOUSE,43.671852,-79.40222,749900,
562,2,3.0,CONDO,43.800713,-79.31704,910000,
563,2,2.0,CONDO,43.64896,-79.39258,809000,
564,4,3.0,SINGLE_FAMILY,43.707184,-79.40274,2499000,3070.6875
565,4,4.0,SINGLE_FAMILY,43.70497,-79.39401,1399000,2961.6
566,1,2.0,CONDO,43.65655,-79.35748,759000,
567,2,3.0,SINGLE_FAMILY,43.657425,-79.423096,1679000,2072.0007
568,2,1.0,CONDO,43.70114,-79.37362,994900,
569,2,5.0,TOWNHOUSE,43.81143,-79.27817,729000,
570,3,4.0,TOWNHOUSE,43.7789,-79.28349,889000,
571,1,2.0,CONDO,43.64171,-79.371704,859000,
572,3,4.0,SINGLE_FAMILY,43.70521,-79.4824,1235000,
573,2,3.0,CONDO,43.65572,-79.45745,1257990,
574,2,3.0,CONDO,43.768585,-79.38143,1049000,
575,2,2.0,CONDO,43.77653,-79.412445,888000,
576,2,3.0,CONDO,43.8078,-79.265396,635000,
577,2,2.0,CONDO,43.76028,-79.41113,699900,
578,1,2.0,CONDO,43.763954,-79.40698,725000,
579,1,2.0,CONDO,43.620712,-79.48328,719900,
580,2,2.0,CONDO,43.78188,-79.24639,599900,
581,8,8.0,SINGLE_FAMILY,43.663578,-79.56141,2499000,
582,1,1.0,CONDO,43.76005,-79.40747,648888,
583,1,1.0,CONDO,43.722935,-79.41387,674900,
584,2,2.0,CONDO,43.763954,-79.40698,919000,
585,2,2.0,CONDO,43.776325,-79.41403,799000,
586,1,2.0,CONDO,43.674294,-79.45835,674900,
587,1,2.0,CONDO,43.77634,-79.3169,570000,
588,1,2.0,CONDO,43.63836,-79.39866,599000,
589,2,2.0,CONDO,43.652763,-79.36657,749000,
590,1,1.0,CONDO,43.621624,-79.52248,485000,
591,1,1.0,CONDO,43.719334,-79.33631,554900,
592,1,2.0,CONDO,43.70606,-79.397766,649000,
593,1,2.0,CONDO,43.76661,-79.373535,680000,
594,1,2.0,CONDO,43.788223,-79.39043,599000,
595,1,1.0,CONDO,43.67654,-79.40561,578000,
596,2,3.0,CONDO,43.645805,-79.39205,880000,
597,2,2.0,CONDO,43.687073,-79.30597,929000,
598,2,4.0,SINGLE_FAMILY,43.6802,-79.562035,975000,3614.875
599,2,2.0,CONDO,43.672985,-79.38703,995500,
600,1,2.0,CONDO,43.64552,-79.36875,649900,
601,2,2.0,CONDO,43.77858,-79.28117,629800,
602,2,2.0,CONDO,43.651676,-79.37693,1210000,
603,2,2.0,CONDO,43.76432,-79.41373,1098888,
604,3,3.0,CONDO,43.696514,-79.395454,1048000,
605,2,2.0,CONDO,43.75829,-79.586395,524900,
606,2,1.0,CONDO,43.6693,-79.38417,720000,
607,0,,LOT,43.722893,-79.24544,799000,
608,2,2.0,CONDO,43.687073,-79.30597,599999,
609,1,1.0,CONDO,43.638775,-79.41631,579900,
610,2,4.0,CONDO,43.655865,-79.5706,639900,
611,2,3.0,CONDO,43.64172,-79.3815,909000,
612,2,3.0,CONDO,43.703022,-79.39582,899000,
613,2,2.0,CONDO,43.646015,-79.394066,739999,
614,2,4.0,SINGLE_FAMILY,43.614063,-79.49536,1075000,5337.5
